Date,Open,High,Low,Close,Volume (BTC)
2013-03-31,93.25,100.0,93.03,93.1,390.82722436
2013-04-01,93.17,105.9,92.49999,102.37,4919.65412719
2013-04-02,102.8,118.3880667,99.0,117.98999,9084.83281599
2013-04-03,116.57909668,146.88,101.51088,134.95296889,12909.4021782
2013-04-04,131.77968624,143.0,119.0,132.681,6910.10041356
2013-04-05,132.75,145.0,131.503,140.0,4838.18497166
2013-04-06,141.0,144.0,140.902,143.99,2170.75030334
2013-04-07,144.0,174.4,143.501,174.4,3735.13031718
2013-04-08,172.51,200.0,166.693,194.5,10616.2750734
2013-04-09,190.51,249.97,188.898,233.115,6188.91889419
2013-04-10,233.49,290.0,19.9,170.986,17906.04222
2013-04-11,169.005,188.0,1.06,120.0,15024.7817226
2013-04-12,111.0,157.0,51.0,114.71,43253.493253
2013-04-13,112.974,123.878,81.12,97.599,19843.7279755
2013-04-14,98.771,109.0,20.0,95.0,16732.6849586
2013-04-15,95.0,104.0,71.497,78.001,16361.2300091
2013-04-16,77.502,82.5,0.01,70.11,26137.5843832
2013-04-17,70.304,98.9,70.095,91.797,20450.7643154
2013-04-18,89.99,114.28,88.839,114.28,8005.04806451
2013-04-19,114.07,142.0,110.0,116.95,21905.835369
2013-04-20,116.401,132.0,115.0,126.0,4621.18409625
2013-04-21,126.0,129.45,110.0,121.0,11580.9859785
2013-04-22,121.8,129.75,120.0,127.596,8104.99347643
2013-04-23,127.612,145.9,126.5,145.9,11532.9540068
2013-04-24,144.34,166.99,140.9,154.1,24751.6345533
2013-04-25,154.03,169.13,120.03,136.4,22857.3286784
2013-04-26,135.87,139.189,13.0,134.7,12185.6941218
2013-04-27,136.0,147.51,121.46,131.0,8035.49033221
2013-04-28,131.05,136.99,129.55,135.81,6799.44134959
2013-04-29,135.928,148.5,113.42,144.21,10304.7358207
2013-04-30,144.21,146.6752,133.89,139.88,10218.268463
2013-05-01,139.88,139.88,105.0,113.2,24644.3821551
2013-05-02,113.5,127.18,90.414,104.41,29828.2668917
2013-05-03,104.73,104.73,80.0,95.49,32834.4996873
2013-05-04,95.0,116.13,94.46,114.8,15641.3628946
2013-05-05,114.94,126.0,100.0,116.89,12094.6989477
2013-05-06,116.94,124.3,106.0,110.0,12864.6275131
2013-05-07,108.9,113.7,98.0,113.49,15143.6769672
2013-05-08,113.7,116.98,108.23,110.12,9113.31916394
2013-05-09,109.37,113.298,108.9,112.5,2840.8837353
2013-05-10,112.1,122.5,111.4,118.38,7728.14475674
2013-05-11,118.38,118.9,112.72,115.02,3704.98821061
2013-05-12,115.5,118.0,113.0,116.0,2785.58034464
2013-05-13,116.35,118.97,114.07,117.2,2518.94055761
2013-05-14,117.5,119.85,103.45,106.65,13190.2318947
2013-05-15,106.5,117.0,104.1,110.96,6340.10415431
2013-05-16,112.0,119.1,108.28,114.0,5488.03780885
2013-05-17,114.01,122.0,112.35,117.0,4155.9806235
2013-05-18,117.84,118.98,115.81001,117.96,2009.73233964
2013-05-19,118.45,120.99,115.61,118.0,1392.76377313
2013-05-20,118.0,118.94,116.0,118.44,872.06485072
2013-05-21,118.29,118.6,117.0,117.99,1884.37729912
2013-05-22,117.91,120.0,117.0,119.19,2514.45393124
2013-05-23,119.44,124.25,118.6,123.97,4068.23548175
2013-05-24,124.04,130.0,122.4,129.19,7842.1757045
2013-05-25,129.25,129.73,125.1,128.49,2648.3599557
2013-05-26,129.0,133.0,128.0,130.19,2961.43379381
2013-05-27,129.435,130.59,123.0,126.78,3424.55054519
2013-05-28,126.16,127.0,123.0,126.69,2573.82772973
2013-05-29,126.73,140.68,125.67,129.79,3570.11190052
2013-05-30,129.8,131.0,124.15,125.8,4806.88250977
2013-05-31,126.54,129.1,126.0,127.9,2172.91266204
2013-06-01,127.9,129.0,127.0,128.79,947.96948972
2013-06-02,128.78,132.65,117.0,120.0,12638.3705053
2013-06-03,120.0,132.87,117.0,123.03,4010.12211144
2013-06-04,123.58,123.78,116.42,120.02,5134.9958556
2013-06-05,120.9,122.37,119.6,120.16,1400.43905156
2013-06-06,120.06,121.08,118.0,118.09,1290.66727574
2013-06-07,118.09,118.7,107.0,110.0,9690.30157389
2013-06-08,110.0,112.5,108.45,108.8,1839.2426295
2013-06-09,108.8,110.0,89.9,97.5,16609.4639956
2013-06-10,97.2,108.0,93.0,105.0,8857.46029819
2013-06-11,104.5,108.03,103.4,107.49,3197.72382881
2013-06-12,107.0,119.0,105.0,107.25,5021.60651631
2013-06-13,107.47,109.14,95.0,100.8,6291.50329328
2013-06-14,100.49,107.36,96.22,98.34,4510.05922594
2013-06-15,98.34,104.0,97.1,99.99,2338.75998238
2013-06-16,99.99,101.1,98.66,98.78,1208.9259396
2013-06-17,98.9,101.01,98.3,100.65,1265.81455265
2013-06-18,101.29,108.5,99.99,103.65,6087.69297493
2013-06-19,104.1,107.5,102.99,105.3,2778.99095087
2013-06-20,105.3,108.0,91.0,103.0,7024.9231493
2013-06-21,103.0,105.0,96.0,101.5,4356.90363565
2013-06-22,101.43,102.4,98.49,99.53,1177.66237993
2013-06-23,99.53,101.5,98.6,100.5,774.33420416
2013-06-24,100.0,102.13,95.38,99.27,2836.30230559
2013-06-25,98.54,100.9,97.5,98.2,3453.50485156
2013-06-26,98.21,100.0,96.99,97.81,1436.75945208
2013-06-27,98.37,98.47,93.0,93.91,2473.24450761
2013-06-28,92.82,96.4,88.01,88.83,6291.04482532
2013-06-29,88.01,91.6,86.15,88.74,1619.08578601
2013-06-30,88.47,90.25,88.26,89.24,534.21665722
2013-07-01,89.52,91.56,1.0,85.34,10920.2782183
2013-07-02,85.09,89.56,83.24,88.2,3189.45653643
2013-07-03,88.01,88.41,75.0,77.29,8648.99871267
2013-07-04,77.3,82.0,70.04,78.12,6930.4713473
2013-07-05,78.14,79.17,64.0,66.0,13857.0683361
2013-07-06,66.0,73.26,62.94,64.89,10296.5812546
2013-07-07,65.6,74.1,65.1,72.99,5763.60506478
2013-07-08,73.7,77.0,70.0,74.0,7430.01454623
2013-07-09,74.0,76.01,70.47,75.83,7081.46466093
2013-07-10,74.84,89.23,74.83,86.0,12139.4733177
2013-07-11,86.0,90.0,84.0,90.0,6924.99315883
2013-07-12,89.89,101.39,86.64,88.93,14005.6147654
2013-07-13,88.87,92.5,85.0,91.34,4131.98954089
2013-07-14,91.59,93.0,88.41,90.01,2241.17733011
2013-07-15,89.62,99.83,82.45,93.81,5811.54314515
2013-07-16,93.81,94.0,84.7,91.79,2430.2767884
2013-07-17,92.01,92.8,88.4085,90.6,2020.85109442
2013-07-18,90.6,91.0,77.0,83.52,7520.65640107
2013-07-19,83.7,87.1,83.4,85.42,4763.50739456
2013-07-20,86.0,87.2,84.27,85.04,1185.84085539
2013-07-21,85.52,86.4,84.0,85.84,2295.84782547
2013-07-22,86.04,87.1,83.99,86.18,1822.89536246
2013-07-23,86.22,88.67,82.99,86.87,2751.39615698
2013-07-24,86.91,95.68,86.46,88.39,1683.08152969
2013-07-25,88.06,91.99899,87.15,89.89,3391.61340189
2013-07-26,89.79,91.72,89.2,89.95,835.71673165
2013-07-27,90.04,90.11,87.8,88.01,1439.30444454
2013-07-28,88.24,94.0,87.92,93.05,3477.00690759
2013-07-29,92.47977,93.73,90.54,92.85,2652.52280634
2013-07-30,92.7,97.72,92.7,97.41,3755.42686437
2013-07-31,97.99,101.03,95.1,98.46,5622.56213086
2013-08-01,97.72,98.24265,95.21,96.59,3545.52938447
2013-08-02,96.56,98.7,93.75,96.33,5492.99320438
2013-08-03,96.7,97.23,94.67,96.22,2285.4780403
2013-08-04,96.15,96.7,95.83,96.38,937.93472879
2013-08-05,96.7,98.91,96.21,97.6,2997.7509831
2013-08-06,97.8,98.9,97.0,97.83,2604.84095095
2013-08-07,97.83,98.3,95.5,97.17,1557.65339526
2013-08-08,96.94,97.14,91.4,95.25,5268.49395574
2013-08-09,95.18,95.51,89.51,92.28,5259.31927884
2013-08-10,92.28,94.0,92.14,93.7,912.33564272
2013-08-11,93.7,94.52,93.2,94.51,428.14419434
2013-08-12,94.49,96.24,93.31,94.8,3033.15167682
2013-08-13,94.67,98.2,94.53,97.59,3710.83380467
2013-08-14,97.46,101.0,97.36828,99.13,7718.30260671
2013-08-15,99.12,100.01,96.24,98.46,1751.06382402
2013-08-16,98.54,99.0,96.53,98.22,1942.45525098
2013-08-17,98.22,100.0,97.5,99.04,1735.72947454
2013-08-18,98.52,99.75,98.42,99.43,757.95953601
2013-08-19,99.25,105.0,98.82,102.99,7068.60837
2013-08-20,102.99,106.49,100.48,106.35,5052.04036882
2013-08-21,106.14,114.45,105.0,110.55,8480.41252642
2013-08-22,110.76,113.01,107.99,109.39,3894.31855649
2013-08-23,109.39,110.0,104.3,107.42,5235.64818849
2013-08-24,107.42,110.6,106.61,109.27826,2746.59355714
2013-08-25,109.27826,114.76,109.27826,112.86,6030.70726691
2013-08-26,113.23,113.9,110.0,112.75,4238.88838173
2013-08-27,113.0,119.0,111.77,118.47,8744.51605411
2013-08-28,118.36,119.76,116.0,117.54,3645.11403308
2013-08-29,117.4,121.0,117.4,119.12,2619.25770623
2013-08-30,118.88,126.3,118.05,125.28,9776.67055583
2013-08-31,125.0,134.94,123.75,130.01,12841.2380252
2013-09-01,130.01,132.0,126.98,130.54,1638.43650068
2013-09-02,130.65,132.05,128.0,129.4,4211.10894621
2013-09-03,129.92,131.0,126.9,129.6,3644.26190212
2013-09-04,129.61,129.92,115.0,117.15,10127.3912745
2013-09-05,117.0,127.99,116.39,122.28,6593.00692535
2013-09-06,122.48,124.75,115.0,117.27,6029.17292765
2013-09-07,117.21,121.10889,115.6,119.8,2501.57438159
2013-09-08,119.8,120.67,116.77,117.72,2948.58676097
2013-09-09,117.4,124.0,115.98561,121.79,8124.23444315
2013-09-10,121.16,124.24,120.07,122.07,3446.0334376
2013-09-11,122.34,127.79,118.39,127.02,10030.1401836
2013-09-12,127.76,128.5,123.0,126.37,4567.1041972
2013-09-13,126.44,129.11,126.06914,127.78,2209.78218774
2013-09-14,127.89,127.98,122.53,123.77,3586.17940141
2013-09-15,123.501337,126.35,123.15,125.75,1925.9661572
2013-09-16,125.55,126.84,124.0,125.8,1680.75228094
2013-09-17,126.38,127.74,125.32,126.79,2024.113268
2013-09-18,127.08,128.41,125.78,127.05,3762.89266004
2013-09-19,127.09,127.63,123.39,124.71,3829.67689167
2013-09-20,124.9,125.66,121.5,122.45,3562.6993076
2013-09-21,122.0,124.02,122.0,123.0,929.21389091
2013-09-22,123.32,123.64,122.22,123.31,1080.62143229
2013-09-23,123.49,124.09,122.0,123.35,2612.79957377
2013-09-24,122.6,124.38,121.89,124.38,2970.42383538
2013-09-25,124.48,125.22,123.3,124.55,1900.58157176
2013-09-26,124.22,125.02,123.32,124.2,1070.39429452
2013-09-27,124.37,126.92,124.37,126.58,2625.30062615
2013-09-28,125.97,127.05,124.8,126.56,2644.01085274
2013-09-29,126.9,128.8,126.0,126.54,2792.71270427
2013-09-30,126.69,127.51,123.76,126.05,3046.06545273
2013-10-01,125.99,127.9399,125.95,127.43,2411.90596931
2013-10-02,126.99,128.5,83.26,105.3,41044.2840685
2013-10-03,104.0,118.95,103.5,118.95,9281.02760572
2013-10-04,118.95,123.25,117.81,121.9,6289.75018936
2013-10-05,121.84,125.0,115.0,121.01,1345.88078965
2013-10-06,121.51,122.9,121.02,122.9,462.21231791
2013-10-07,122.87,124.45,120.8,123.68,4508.93234913
2013-10-08,124.16,125.16,122.02,124.9,4897.28685296
2013-10-09,124.98,127.99,123.36,125.94,6879.29500662
2013-10-10,126.5,126.9,125.0,126.54,1907.92580186
2013-10-11,126.54,127.44,125.54,126.95,2188.38996088
2013-10-12,127.4,127.96,126.65,127.6,1608.85567702
2013-10-13,127.89,133.4,127.55,133.14,6272.95324948
2013-10-14,133.08,139.99,132.0,136.12,12137.2224035
2013-10-15,136.12,150.0,134.09,144.6,11536.8659684
2013-10-16,145.29,147.0,137.21,137.71,14867.2734894
2013-10-17,137.48,144.98,133.99,143.5,5376.3127726
2013-10-18,143.5,155.25,143.25,153.21,14548.0792196
2013-10-19,153.66,178.5,151.5,165.55,20339.6829275
2013-10-20,165.11,168.875,162.31,166.8,4124.20446893
2013-10-21,166.82,183.66,166.2,183.66,12999.595316
2013-10-22,182.0,215.0,179.1,192.25,18841.9100113
2013-10-23,192.42,212.89,187.0,209.735,13223.1512505
2013-10-24,209.7,209.73,155.81,191.77657,41907.7434166
2013-10-25,193.4,195.13,167.75,183.9,20078.5786031
2013-10-26,183.9,187.79,175.21,181.93,6167.38029976
2013-10-27,181.05,198.75,180.34,193.5,6109.88748535
2013-10-28,193.85,199.0,192.15,196.98,5377.29396459
2013-10-29,196.21,205.0,195.5,204.18,8262.65399785
2013-10-30,203.0,206.0,195.05,199.07,14163.8679282
2013-10-31,198.9,204.0,195.28,202.0,5137.01819595
2013-11-01,201.91,203.8,200.5,201.95,1996.75507322
2013-11-02,203.14,205.79,202.23,204.06,4000.28384419
2013-11-03,203.81,219.89,203.0,212.0,5187.84085964
2013-11-04,213.7,230.5,212.1,227.71,11988.9366841
2013-11-05,229.6,250.75,225.44,241.97,23353.6771328
2013-11-06,244.99,269.0,240.6,266.0,28720.3571234
2013-11-07,265.07,297.79,262.0,295.37,35248.762628
2013-11-08,295.37,340.0,292.0,339.11,22990.9690174
2013-11-09,340.18,386.0,297.0,325.98,32100.4548095
2013-11-10,325.98,332.98,265.11,326.0,33308.6990316
2013-11-11,320.0,357.95,311.56,349.99,10335.276185
2013-11-12,349.99,400.0,340.0,363.15,13556.0019915
2013-11-13,363.77,414.73,357.8,406.34,12952.610122
2013-11-14,405.25,423.5,392.8,416.67,14213.5800165
2013-11-15,417.8,439.94,388.011,416.3403,17880.1917655
2013-11-16,419.96,448.95,415.31,437.7,9445.55541472
2013-11-17,435.83,499.99,435.07,496.0,9855.63586702
2013-11-18,495.0,789.0,492.11,789.0,23414.2285244
2013-11-19,795.98,909.0,360.0,500.01,38353.9612541
2013-11-20,499.99,630.0,450.01,602.0,25277.6994095
2013-11-21,601.0,745.0,589.9,717.03,17558.2036461
2013-11-22,723.6799,839.77,682.32,817.75,12447.5663827
2013-11-23,817.0,886.876543,775.0,837.65,9652.6752605
2013-11-24,839.0,860.0,745.0,828.7284,11975.739678
2013-11-25,828.7183,844.579,768.0,812.0,9419.3352279
2013-11-26,815.0,960.0,800.0,930.0,10545.0426508
2013-11-27,928.0001,970.0,894.0,969.0,12724.0672372
2013-11-28,969.0,1050.34,945.0,1012.75,9147.52297861
2013-11-29,1004.67,1145.0,999.12,1143.0,9342.62116659
2013-11-30,1142.99,1171.25,1090.0,1116.0,4839.64414282
2013-12-01,1119.5,1126.0,780.0,998.89,31961.9454513
2013-12-02,998.89,1059.0,936.0,1034.01,11370.6578011
2013-12-03,1035.44,1089.88,1000.0,1058.69445,5754.9778177
2013-12-04,1054.0,1175.0,1052.0,1130.0,6670.70346665
2013-12-05,1130.0,1139.25,848.42,983.0,24130.5401201
2013-12-06,983.0,1018.99,790.0,815.0,28852.9512875
2013-12-07,815.0202,830.0,538.0,695.0,43325.7825715
2013-12-08,695.0,790.39,650.0,783.46,13257.7318785
2013-12-09,784.0,943.9999,778.11,928.0,16886.6887777
2013-12-10,925.25979,992.0,895.0,984.7,10093.7161132
2013-12-11,984.9,990.0,804.26,886.02,16076.2238912
2013-12-12,888.99,893.97,838.0,869.99,8159.06273905
2013-12-13,868.99,923.71,850.02,871.99,9396.3108144
2013-12-14,877.28,879.82,840.0,858.48,3950.27872876
2013-12-15,855.7,871.8845,805.0,854.51,11479.8568787
2013-12-16,859.88,864.0,650.9088,682.02,29709.4758695
2013-12-17,682.056,751.0,613.0,650.0,24730.4534397
2013-12-18,650.99,667.5,381.51,526.9889,80447.8458882
2013-12-19,521.0,700.0,491.0,649.99,38041.0327336
2013-12-20,649.99,721.0,570.0,629.9999,25071.4297368
2013-12-21,629.9999,649.0,568.0,595.96,12033.4717328
2013-12-22,595.96,674.39,574.0123,629.0,14169.7020613
2013-12-23,625.49,670.0,617.61,657.0,8371.29160956
2013-12-24,657.0,665.35,627.0,650.0,6413.81824101
2013-12-25,648.22,695.0,635.0,690.0,4915.24019646
2013-12-26,690.0,764.0,684.3,760.0,17311.4170424
2013-12-27,761.0,761.45,704.0123,715.5201,11399.1087916
2013-12-28,715.0,740.01,690.0,711.23,9780.90425429
2013-12-29,712.1,732.0,700.0123,725.5,6041.29690647
2013-12-30,726.38,740.62618,724.73,735.82,4233.85916403
2013-12-31,735.82,740.0,710.02,739.28,9153.97349577
2014-01-01,737.67,757.0,735.0,753.0,5518.67649189
2014-01-02,750.0,800.0,742.52,786.6,9675.33792836
2014-01-03,786.6,818.99,768.0,802.49,10195.6172898
2014-01-04,802.4698,842.0,791.04,839.99,11519.4896033
2014-01-05,839.99,939.8,825.0,910.0,18425.4256987
2014-01-06,909.71,995.0,875.181,926.0,20705.1239817
2014-01-07,925.0,943.15,765.0,799.0,28593.4644678
2014-01-08,799.0,849.0,779.59,827.9,17699.2389581
2014-01-09,827.8,846.35,779.99,824.85,15452.6411424
2014-01-10,823.0,860.64,799.98,854.33,7864.28611587
2014-01-11,853.1,915.0,853.0,899.0,11150.7756645
2014-01-12,898.68,902.0,821.1,827.24,10807.5994815
2014-01-13,827.24,844.2,784.0,818.47,13610.3465042
2014-01-14,817.74,836.99,802.3,819.0,4399.81974416
2014-01-15,819.0,850.25,812.0,844.0,7240.54259687
2014-01-16,844.0,847.68,807.11,818.49,4491.66957824
2014-01-17,818.39,820.22,765.03,807.0,11067.0310523
2014-01-18,804.98,820.0,794.93,809.14,3685.25634391
2014-01-19,807.22,844.88,794.41,835.9,7216.19592125
2014-01-20,836.0,844.99,815.01,828.0,4998.14298368
2014-01-21,828.0,834.17,813.6,822.8,2830.83326488
2014-01-22,822.8,824.13,803.1,818.0,2838.49730144
2014-01-23,818.51,823.0,802.52,810.14,2902.84886886
2014-01-24,806.97,809.14,767.23,775.0123,11431.5986454
2014-01-25,775.13,817.0,775.0,804.73,4533.87748229
2014-01-26,805.5,836.7318,794.64,812.5,7504.75325474
2014-01-27,812.7,824.9999,726.5,749.03,17078.6899469
2014-01-28,748.1,814.5,741.214,784.69,12323.0204227
2014-01-29,784.42,805.0,781.8,794.731,3693.85073046
2014-01-30,794.75,812.65489,770.0,802.5,8227.922324
2014-01-31,802.5,809.6746,793.0,805.22,3845.2661044
2014-02-01,804.8,829.0,801.0,812.6,4683.98258739
2014-02-02,812.6,827.2,811.0,814.0,3020.76446787
2014-02-03,812.05,815.2,798.5,805.31499,3441.93276006
2014-02-04,805.31499,814.4,795.2,800.01,3356.81323306
2014-02-05,800.03,807.48,777.85,780.0,5899.293445
2014-02-06,784.0,829.0,678.03,761.0,20666.9490545
2014-02-07,760.61,763.07,620.0,700.0,44285.0916634
2014-02-08,707.0,723.97,667.0,678.0,9871.90444146
2014-02-09,678.00000001,728.89934978,666.53,694.0,11875.0958709
2014-02-10,693.5,703.0,100.0,687.05035,43220.4754366
2014-02-11,689.0,721.35,631.2,678.0,38957.6416893
2014-02-12,675.31,682.5,642.0,656.01,12016.6556998
2014-02-13,656.01,658.9899,601.2,606.01,18086.8590284
2014-02-14,607.0,710.0,535.0,661.13,53159.6771344
2014-02-15,661.13,668.4,633.3,654.99,10455.8962711
2014-02-16,652.5,670.9999,585.0,625.0,16919.6276223
2014-02-17,625.0,664.0,611.0,633.99,15491.5208367
2014-02-18,633.51,651.3,611.304999,628.1999,8419.17553776
2014-02-19,625.81,636.85,617.89,627.45,4663.93948006
2014-02-20,627.45,629.0,541.2,542.42,29093.4419646
2014-02-21,542.42,588.48969696,530.0,579.99,25206.6398398
2014-02-22,579.9,619.0,562.0,614.399,14483.1195748
2014-02-23,614.389,644.93,600.2,607.0,17310.7608775
2014-02-24,606.9999,608.4,505.7511,517.0,38797.4189613
2014-02-25,519.0,549.0,400.0,544.8899,88914.8257667
2014-02-26,542.01,609.0,541.0,597.6001,38049.5852023
2014-02-27,597.7001,599.0,568.75,584.3339,10818.5253477
2014-02-28,585.30268,591.18,540.2044,549.995,16312.3739364
2014-03-01,549.01,577.25,541.1,570.25,7572.00901287
2014-03-02,569.31874,572.24,555.161,565.37191,3078.28656856
2014-03-03,566.0,719.25,563.0,680.98,50919.5416933
2014-03-04,680.98,703.85,658.5,672.0,25025.6081617
2014-03-05,672.59999999,678.9999,651.21,669.61,8381.31800006
2014-03-06,669.61,676.43,648.7,668.0,7057.99015509
2014-03-07,667.0,669.0,616.23,631.01,17234.6962823
2014-03-08,632.99999999,639.999,600.6,616.8001,10971.4374053
2014-03-09,616.9,654.999,610.25,638.5,8290.10866807
2014-03-10,638.52,648.3,606.0,626.9801,11575.1156732
2014-03-11,626.9801,641.9999,615.31,634.01,3634.08082
2014-03-12,634.01,654.0,631.0,636.2296,7287.42468826
2014-03-13,636.10235,648.0,634.5001,644.18,3312.96067553
2014-03-14,643.1,645.0,623.5,627.98,5526.4353953
2014-03-15,628.89,639.8899,626.3,635.45,1735.62936143
2014-03-16,635.45,638.0,628.5801,633.0,1902.57118506
2014-03-17,632.0,632.5,619.2,623.8,3761.84368802
2014-03-18,623.8,623.8,600.0,615.5999,7736.26828485
2014-03-19,615.5999,622.2,605.9841,609.0,3436.66790193
2014-03-20,608.9841,609.0,584.0,586.5551,8100.0606361
2014-03-21,588.8294,605.96,555.5,570.9999,19202.2845534
2014-03-22,570.9798,574.24,550.09,563.0,6731.31574218
2014-03-23,563.0,571.0,555.0,558.0,4833.22337384
2014-03-24,557.8884,590.0,550.5,585.6587,9275.28768732
2014-03-25,584.9899,586.0,568.55,583.9899,4902.03403056
2014-03-26,583.89,593.25,566.51,576.6,7649.23071354
2014-03-27,577.9999,579.4799,465.0,474.0,41023.5516603
2014-03-28,475.0,533.36,470.0,502.25,35985.2142118
2014-03-29,502.4996,507.99,485.45,492.4398,4635.16685558
2014-03-30,490.01,491.9999,436.2,460.9999,26151.1301347
2014-03-31,460.6,488.0,436.1,456.9899,22069.3369658
2014-04-01,456.3,513.9,453.4,479.9181,19999.3085122
2014-04-02,477.53,496.2,431.2,437.2203,29119.1046176
2014-04-03,436.5301,463.0,415.46,447.9999,24590.4064978
2014-04-04,447.1161,458.5899,430.2,447.0211,10562.8572688
2014-04-05,448.001,464.5,444.395,463.99,4573.75741605
2014-04-06,463.5,465.9998,450.0,458.78,2952.40660615
2014-04-07,458.6,461.0,445.05,446.58,6147.47600223
2014-04-08,445.222,458.8,445.01,452.3849,4860.84550476
2014-04-09,452.3849,455.13590891,440.0536,442.45,4167.09060672
2014-04-10,442.4499,442.8689,357.0,364.2,45002.9695495
2014-04-11,364.04989,433.6,340.0,421.0,38705.5569185
2014-04-12,421.999,441.0,413.0741,423.3,10732.2408288
2014-04-13,422.2001,428.2,400.0,418.0,10265.6836892
2014-04-14,417.6,478.0,406.4,460.0,29763.397505
2014-04-15,460.0,526.995,452.0,519.0,24214.5733178
2014-04-16,519.11,547.0,495.0,531.25,29218.8507666
2014-04-17,531.25,535.7499,486.1,498.10000001,18285.6317707
2014-04-18,499.0,503.9999,474.25,480.044,9730.47478781
2014-04-19,480.044,513.9899,473.83,504.999999,9063.48907105
2014-04-20,504.99999,517.995,492.2,500.9501,4760.82881705
2014-04-21,501.3551,515.646,485.0,495.39,8179.33326468
2014-04-22,499.25,506.0,488.0,489.2503,3570.34633425
2014-04-23,491.69999999,496.0,482.88,491.78,4187.17351874
2014-04-24,492.08,504.96,480.16,503.7,5017.14446629
2014-04-25,503.7,504.96,441.3,464.33566,30667.9213255
2014-04-26,464.33566,469.19,449.8001,460.0,7835.67783029
2014-04-27,459.01,465.6,427.55,429.99,7849.47942997
2014-04-28,429.99,450.0,423.11,441.38999999,15283.0344658
2014-04-29,441.39,454.0,434.0,446.53,7573.20092376
2014-04-30,446.53,453.9899,432.0,449.0201,7046.94954762
2014-05-01,449.0201,463.53,448.82,459.4102,5144.92316754
2014-05-02,461.11992999,461.11992999,443.0,452.0,3751.5883235
2014-05-03,451.99,451.9999,430.0,439.7398,7602.43030203
2014-05-04,439.7297,441.4999,429.0,435.0413,4220.91532271
2014-05-05,438.58799899,444.4,425.5999,432.389,5435.54300037
2014-05-06,431.6,435.39,419.4,429.7,6965.03137807
2014-05-07,430.0,453.6,424.2487,440.43,11189.8172391
2014-05-08,440.0,450.59,437.69,438.5,3456.92125521
2014-05-09,438.2,456.6,438.2,454.0,3062.89060414
2014-05-10,453.99,459.65,448.2,456.09,3674.99628935
2014-05-11,456.11,458.4,430.0,437.97,10720.6350242
2014-05-12,437.45,442.0,431.8,440.0,3450.84753709
2014-05-13,440.0,440.9,434.01,438.81,2044.09198203
2014-05-14,438.81,448.0,438.47,445.0,3104.61120276
2014-05-15,444.03,451.4,444.0,447.58,1648.49804694
2014-05-16,447.58,453.0,443.4,448.6,1707.21667711
2014-05-17,448.6,450.0,446.83,449.03,907.0058887
2014-05-18,449.04,449.11,445.5,447.4,773.02365381
2014-05-19,447.6,448.5,444.1,447.0,1423.92886676
2014-05-20,446.89,498.68,446.0,491.35,21176.5125766
2014-05-21,490.62,501.0,489.5,494.99,7206.26246587
2014-05-22,495.0,530.0,492.25,528.85,17215.7507921
2014-05-23,528.85,544.78,521.11,523.57,16725.892656
2014-05-24,523.61,529.75,514.25,528.0,4544.3046182
2014-05-25,528.92,586.0,528.92,573.99,32267.7960527
2014-05-26,574.55,593.3,566.21,586.0,16378.6511253
2014-05-27,586.69,597.3,551.0,576.08,18029.6791257
2014-05-28,573.6,583.5,565.0,578.77,7636.65709659
2014-05-29,580.0,583.0,563.0,569.5,7828.1586295
2014-05-30,569.85,630.0,569.85,621.0,23195.0801475
2014-05-31,620.9,629.0,610.02,626.21,7149.49782879
2014-06-01,627.01,680.0,618.01,626.42,34401.3101483
2014-06-02,631.97,679.8,615.0,667.11,21044.808805
2014-06-03,667.78,685.0,652.16,674.0,19813.4815101
2014-06-04,670.84,672.97,620.0,642.0,27560.7517488
2014-06-05,642.0,672.0,641.0,660.9,9921.58747866
2014-06-06,660.99,664.94,646.8,649.39,5622.64559487
2014-06-07,649.35,659.4,637.01,657.21,6596.49809085
2014-06-08,657.21,664.5,652.5,658.7,3644.18278973
2014-06-09,658.7,661.99,639.06,650.3,6794.57192595
2014-06-10,650.3,672.0,646.0,657.0,6898.76984299
2014-06-11,657.0,666.5,635.11,637.6,11459.6607419
2014-06-12,637.6,647.0,575.2,597.99,28947.7195688
2014-06-13,596.43,620.97,592.11,605.0,15003.7276634
2014-06-14,605.2,606.98,522.15,570.27,25862.2026645
2014-06-15,570.26,595.1,540.0,593.89,14771.518935
2014-06-16,593.61,612.0,582.1,591.1,13617.4272934
2014-06-17,592.35,619.0,591.1,613.4,8784.01582691
2014-06-18,613.4,619.6,601.5,608.1,6071.10324019
2014-06-19,608.6,611.99,592.9,597.3,5343.70478112
2014-06-20,596.06,598.28,582.37,592.0,8688.5440458
2014-06-21,592.0,599.91,583.5,595.5,4122.15638252
2014-06-22,596.9,615.0,595.5,603.4,4720.27548757
2014-06-23,603.39,604.19,580.11,591.57,5269.37867215
2014-06-24,591.02,597.79,580.0,580.56,5497.2282752
2014-06-25,580.65,584.99,560.53,566.75,9323.34331505
2014-06-26,566.75,584.0,562.9,581.98,6271.32252637
2014-06-27,581.99,604.9,575.03,604.0,7343.10092241
2014-06-28,604.0,607.21,593.89,596.1,5725.69485897
2014-06-29,596.1,607.0,593.37,601.95,3131.47102969
2014-06-30,601.95,647.99,598.4,640.79,21938.3061424
2014-07-01,642.26,665.0,636.1,641.34,19408.4925104
2014-07-02,641.35,662.0,640.14,654.61,8406.5206922
2014-07-03,653.5,654.0,636.24,644.0,5822.22707154
2014-07-04,644.0,648.66,629.3,632.11,6661.57816655
2014-07-05,632.58,638.4,627.7,631.88,3071.41658592
2014-07-06,631.59,644.69,630.38,637.38,3423.99742797
2014-07-07,637.76,639.76,616.73,621.45,5581.7237276
2014-07-08,620.31,629.85,617.51,625.36,2633.52329031
2014-07-09,625.11,632.99,620.13,624.47,3451.83303804
2014-07-10,623.24,626.55,608.43,615.84,5265.72445403
2014-07-11,615.84,636.4,615.84,636.0,4243.50707538
2014-07-12,636.2,642.79,630.0,636.31,3924.63833047
2014-07-13,636.7,638.21,626.36,629.49,2662.90113184
2014-07-14,629.6,630.25,616.8,619.17,4206.72740352
2014-07-15,619.15,627.99,618.57,620.8,3856.46998088
2014-07-16,620.11,622.5,611.21,616.48,3489.28163185
2014-07-17,616.48,627.5,613.0,622.51,2888.60303294
2014-07-18,622.52,633.6,616.96,630.8,5082.30546825
2014-07-19,630.8,632.1,625.6,629.3,1205.73020778
2014-07-20,626.77,628.23,620.36,624.0,1267.46511076
2014-07-21,624.0,624.95,616.8,620.01,2269.26070109
2014-07-22,620.0,623.17,617.5,618.54,1715.1683654
2014-07-23,618.56,620.9,616.21,619.0,1218.97662576
2014-07-24,619.0,619.99,591.4,603.98,9491.08704791
2014-07-25,602.43,608.0,592.5,600.47,3966.59695368
2014-07-26,600.6,600.6,589.0,593.82,4782.68158656
2014-07-27,593.9,599.78,590.1,591.55,3012.16007595
2014-07-28,591.5,592.0,572.0,583.5,11443.6555249
2014-07-29,584.86,590.0,577.11,583.0,4189.37036956
2014-07-30,583.04,583.98,561.55,565.99,7353.0731436
2014-07-31,566.0,590.0,561.47,580.0,12006.0063855
2014-08-01,579.49,605.72,579.1,594.6,9475.7257498
2014-08-02,594.6,596.6,585.0,587.6,2552.22852736
2014-08-03,587.61,589.0,578.13,585.71,2765.63063591
2014-08-04,587.0,595.0,581.22,586.6,2981.33807424
2014-08-05,587.21,588.77,579.0,582.94,3861.80868206
2014-08-06,582.94,586.3,574.01,581.36,4059.22123229
2014-08-07,582.87,592.7,576.5,586.8,5960.40511559
2014-08-08,586.82,598.88,586.81,590.6,3293.17389831
2014-08-09,590.61,591.0,584.19,589.98,1530.34759015
2014-08-10,588.61,594.49,583.31,588.61,1871.48402658
2014-08-11,587.97,588.7,567.02,572.51,7910.16581644
2014-08-12,573.32,578.8,562.51,569.54,7128.99393837
2014-08-13,569.52,571.4,525.0,547.3,18291.7762665
2014-08-14,546.25,546.5,451.0,510.98,41053.716927
2014-08-15,509.99,519.5,478.0,496.39,21465.2237661
2014-08-16,496.39,523.11,484.5,519.01,16083.1661205
2014-08-17,519.54,522.43,484.82,497.4,14636.9785741
2014-08-18,497.57,512.3,443.0,467.04,40767.3058226
2014-08-19,467.95,492.61,462.9,487.0,24978.635597
2014-08-20,487.24,521.89,464.0,511.0,30184.616662
2014-08-21,510.61,534.89,510.6,517.47,18019.5515253
2014-08-22,518.24,525.0,503.7,514.13,11590.7031542
2014-08-23,514.42,515.58,491.52,499.5,10062.0299226
2014-08-24,498.85,517.7,495.71,510.82,5627.40932154
2014-08-25,511.41,511.41,497.55,501.76,7322.07082176
2014-08-26,501.49,517.47,497.75,513.34,11257.1654103
2014-08-27,512.3,522.8,508.1,508.35,7706.77971858
2014-08-28,508.3,514.77,503.86,505.87,5016.91555245
2014-08-29,505.87,513.99,498.8,508.52,5130.93451282
2014-08-30,508.34,508.37,495.5,499.15,4190.93654447
2014-08-31,499.08,500.27,471.65,477.81,15267.839238
2014-09-01,477.84,484.9,471.01,472.6,8211.92371453
2014-09-02,472.97,484.0,468.82,475.45,10046.2148966
2014-09-03,475.46,479.9,472.99,474.14,3382.19892702
2014-09-04,474.14,497.24,473.1,489.68,10077.5332426
2014-09-05,489.69,491.42,478.1,481.9,5171.02130471
2014-09-06,480.62,486.9,480.1,482.61,1895.75978614
2014-09-07,483.08,487.1,479.88,479.88,2079.19939255
2014-09-08,479.88,480.9,464.22,471.1,15855.8722468
2014-09-09,471.16,479.7,463.0,473.06,9376.83253671
2014-09-10,473.09,489.99,472.0,478.12,8880.86761476
2014-09-11,478.1,480.6,472.2,477.38,5113.28339769
2014-09-12,477.04,477.98,467.0,474.37,3458.58872914
2014-09-13,474.34,483.93,472.86,478.69,7980.79103499
2014-09-14,478.69,481.56,475.33,476.5,3122.52620508
2014-09-15,477.12,480.3,474.77,474.77,5564.19743466
2014-09-16,474.77,475.5,462.11,466.5,5830.41579281
2014-09-17,466.65,467.75,451.6,458.3,10015.799231
2014-09-18,457.8,458.3,408.8,424.99,40114.6798747
2014-09-19,425.0,431.92,381.5,393.3,33491.4755869
2014-09-20,392.99,426.3,385.5,408.4,30699.1039406
2014-09-21,408.4,414.14,392.23,399.21,19190.6694716
2014-09-22,400.03,411.2,397.67,404.99,9473.62787508
2014-09-23,404.23,447.11,392.15,438.65,38518.7051295
2014-09-24,438.01,440.28,422.0,424.51,14395.1590611
2014-09-25,424.51,426.97,402.33,409.86,15002.5066788
2014-09-26,409.67,415.0,396.2,404.01,10998.8015769
2014-09-27,404.03,409.04,393.2,399.8,6922.75328825
2014-09-28,399.8,402.9,365.0,376.7,19564.4302888
2014-09-29,375.93,386.56,368.0,373.64,21469.5393435
2014-09-30,373.64,398.7,370.0,387.0,16885.4310389
2014-10-01,386.93,391.18,377.0,383.63,10108.8157819
2014-10-02,382.72,385.52,367.8,371.39,11897.9254868
2014-10-03,371.39,376.86,355.0,359.74,21055.6404641
2014-10-04,358.93,367.05,321.5,328.25,38757.3106372
2014-10-05,327.36,346.69,275.0,319.9,84131.2052417
2014-10-06,319.9,346.89,301.0,327.56,56244.013922
2014-10-07,327.59,340.0,317.0,335.97,28419.2906335
2014-10-08,335.97,354.87,323.85,352.9,33148.5438417
2014-10-09,353.0,387.13,347.14,364.0,58819.7826207
2014-10-10,363.98,379.74,351.15,359.1,31262.0904346
2014-10-11,359.1,368.5,351.0,360.66,16673.9009838
2014-10-12,361.01,382.46,351.86,378.05,20912.2328697
2014-10-13,378.05,399.89,368.24,391.2,42724.2213511
2014-10-14,391.5,414.42,391.5,399.0,47243.1005651
2014-10-15,399.0,402.68,384.7,394.2,29541.5188699
2014-10-16,394.2,400.0,370.21,381.6,30085.072724
2014-10-17,381.55,386.8,372.0,382.48,13829.0414432
2014-10-18,381.24,396.0,376.4,390.9,12031.4138083
2014-10-19,390.92,394.5,383.5,388.02,5349.68544154
2014-10-20,388.08,388.25,370.2,380.55,19178.1653995
2014-10-21,380.86,394.0,376.66,384.0,16265.5604014
2014-10-22,384.01,386.7,377.25,378.8,10618.5333266
2014-10-23,378.79,383.6,355.0,357.87,34871.1205018
2014-10-24,357.87,363.1,351.5,356.58,16557.4298018
2014-10-25,356.58,358.88,337.65,344.62,28960.2522612
2014-10-26,344.65,359.9,340.2,353.01,16080.9028203
2014-10-27,353.07,359.47,346.44,349.01,15239.1643553
2014-10-28,349.51,355.44,347.44,352.7,5062.40764434
2014-10-29,352.71,353.78,332.0,333.58,26472.224862
2014-10-30,333.5,351.0,331.0,345.08,56553.9504852
2014-10-31,345.08,347.99,332.14,336.82,19727.1115573
2014-11-01,336.72,339.0,315.54,325.9,24974.9940927
2014-11-02,325.9,329.55,317.7,323.82,10099.4611317
2014-11-03,323.8,334.14,323.8,325.0,15218.5105495
2014-11-04,324.83,331.28,321.0,329.66,18823.3697749
2014-11-05,329.75,342.54,329.75,338.62,26963.2496424
2014-11-06,338.62,354.32,336.32,350.48,24873.4457978
2014-11-07,350.49,354.0,338.1,341.84,18854.393888
2014-11-08,342.04,348.3,341.0,345.0,7334.53186932
2014-11-09,345.01,364.12,343.41,362.61,37906.6380311
2014-11-10,362.6,374.26,356.33,366.07,33065.3365692
2014-11-11,366.17,371.45,360.74,367.65,9279.61672218
2014-11-12,367.66,436.0,367.59,433.56,103874.428563
2014-11-13,432.0,475.0,381.56,417.65,144950.779916
2014-11-14,417.65,425.67,382.22,399.99,59088.7994461
2014-11-15,400.0,410.1,368.0,375.34,43985.6414338
2014-11-16,375.37,399.9,372.5,391.65,24666.2562562
2014-11-17,391.8,413.48,373.0,387.5,47132.7426813
2014-11-18,387.5,393.0,366.46,372.85,37172.752388
2014-11-19,372.89,386.0,368.55,375.26,17154.9649662
2014-11-20,376.73,379.5,352.01,356.77,21885.5100714
2014-11-21,356.59,357.39,340.0,350.46,36251.4746618
2014-11-22,350.11,365.3,349.1,352.81,15563.5713302
2014-11-23,352.44,372.28,351.5,368.25,14133.6076872
2014-11-24,368.0,391.92,363.62,376.05,42068.5101831
2014-11-25,376.06,396.87,375.08,377.02,27198.6343359
2014-11-26,377.0,379.26,365.22,369.99,21003.0826089
2014-11-27,370.0,375.0,368.15,370.0,7049.53362177
2014-11-28,369.99,387.5,355.51,377.43,30530.3131673
2014-11-29,377.79,390.0,371.0,376.28,20412.5057091
2014-11-30,376.07,385.59,373.7,379.89,14311.3745466
2014-12-01,379.67,386.5,377.3,382.0,11947.4151653
2014-12-02,382.0,387.99,379.08,384.5,11192.7890284
2014-12-03,384.67,386.3,372.64,376.0,14324.2107211
2014-12-04,376.24,380.33,367.8,370.99,13242.281198
2014-12-05,370.74,382.51,366.1,378.18,17780.492882
2014-12-06,378.3,381.19,370.11,376.69,9095.07782377
2014-12-07,376.59,379.8,373.01,376.02,4911.27297998
2014-12-08,376.29,378.34,362.11,362.11,18445.056077
2014-12-09,362.1,363.91,343.0,351.99,35819.342129
2014-12-10,352.0,352.5,345.0,345.08,12333.0905763
2014-12-11,345.12,362.99,335.7,348.53,34756.8873945
2014-12-12,348.06,354.9,346.11,352.29,11747.1110543
2014-12-13,352.49,352.49,344.11,346.56,10150.7907967
2014-12-14,346.56,358.0,345.04,353.65,9209.64827544
2014-12-15,353.7,354.6,345.45,346.01,11205.5402306
2014-12-16,346.34,346.93,325.1,325.1,31193.9488857
2014-12-17,325.13,335.0,314.21,318.86,37507.4926257
2014-12-18,319.5,325.0,302.32,311.77,48437.4632486
2014-12-19,311.76,319.97,305.6,318.47,23129.5081042
2014-12-20,318.47,330.0,315.3,329.66,20230.0022758
2014-12-21,329.69,329.73,316.85,320.79,15844.3314854
2014-12-22,321.19,336.85,319.64,332.63,20417.8630257
2014-12-23,332.41,337.79,330.0,335.7,11857.4152485
2014-12-24,335.69,335.93,320.0,322.61,13880.724855
2014-12-25,322.62,323.4,315.5,318.5,7461.24419785
2014-12-26,318.49,332.4,316.17,327.2,14115.5040817
2014-12-27,327.79,330.6,310.0,315.89,17451.1003465
2014-12-28,315.9,319.79,310.08,316.94,9755.01879016
2014-12-29,316.96,320.5,312.51,312.64,8180.84794242
2014-12-30,312.86,315.93,307.1,310.8,10131.5798437
2014-12-31,310.81,322.79,309.39,322.3,11799.3426941
2015-01-01,322.31,322.9,313.81,314.96,5178.76754651
2015-01-02,314.54,316.74,313.28,315.81,3834.54400829
2015-01-03,315.8,315.99,277.5,278.22,47380.8125807
2015-01-04,278.04,288.74,255.03,264.19,81273.8104161
2015-01-05,264.04,280.44,263.75,274.84,50869.734678
2015-01-06,274.85,291.94,272.1,288.43,36115.5902891
2015-01-07,288.36,303.33,284.0,297.99,31046.8941691
2015-01-08,297.89,298.47,282.01,283.21,32664.9816563
2015-01-09,283.99,297.32,280.4,290.51,28829.1587536
2015-01-10,290.58,292.1,275.0,276.03,25031.9546286
2015-01-11,276.01,282.86,265.83,267.27,22815.0246221
2015-01-12,267.54,274.44,266.24,268.75,21418.4799584
2015-01-13,268.6,269.66,219.0,228.07,150459.101948
2015-01-14,228.49,228.49,166.45,182.0,269565.299795
2015-01-15,181.0,230.74,179.05,209.81,184371.653532
2015-01-16,209.81,223.1,197.72,208.5,80331.4651895
2015-01-17,208.52,214.0,192.2,201.09,48910.3651222
2015-01-18,201.08,222.0,194.0,211.03,65571.72956
2015-01-19,210.98,219.95,207.0,216.2,32438.305494
2015-01-20,216.14,219.25,203.7,212.11,52169.9644995
2015-01-21,212.1,230.0,211.0,228.08,57794.8859803
2015-01-22,228.05,242.0,225.29,234.7,57343.0143833
2015-01-23,234.7,236.98,225.13,233.12,40153.1022179
2015-01-24,233.37,249.77,229.03,248.66,40097.0425939
2015-01-25,248.94,259.39,245.0,254.73,54049.081403
2015-01-26,254.72,315.0,254.65,276.01,205992.024679
2015-01-27,276.01,280.37,250.0,265.09,81712.867148
2015-01-28,265.55,269.97,226.35,234.5,87045.9806322
2015-01-29,234.49,239.33,220.0,233.01,60106.9209117
2015-01-30,233.7,243.89,224.22,226.44,51255.891706
2015-01-31,226.45,234.03,213.1,215.8,48931.5109103
2015-02-01,215.91,233.32,211.02,226.92,55663.9559838
2015-02-02,226.86,247.5,222.5,238.99,52340.3435041
2015-02-03,238.86,248.42,222.66,227.96,81380.3036724
2015-02-04,227.81,233.0,220.23,227.78,44325.985832
2015-02-05,227.78,228.8,210.12,216.47,37872.2522445
2015-02-06,216.43,225.88,215.0,222.65,35652.2792293
2015-02-07,222.66,239.78,222.66,228.8,35471.8367737
2015-02-08,228.8,232.9,221.1,223.85,26127.2635473
2015-02-09,224.13,225.98,215.33,220.48,48175.3483569
2015-02-10,220.48,223.88,214.0,220.87,29287.5848441
2015-02-11,220.75,224.4,218.1,219.8,19279.6453424
2015-02-12,219.8,223.2,217.8,222.55,19995.1097513
2015-02-13,222.39,242.5,221.46,236.13,68319.5956594
2015-02-14,235.8,261.3,235.51,257.0,80559.7301742
2015-02-15,257.01,268.54,228.2,235.88,103145.29818
2015-02-16,235.34,243.65,228.62,233.5,47236.5223356
2015-02-17,233.5,246.28,231.5,244.0,40898.7859439
2015-02-18,243.82,244.99,231.01,236.27,39347.7325268
2015-02-19,236.26,243.42,234.97,240.0,23848.0642359
2015-02-20,240.2,248.98,238.95,244.5,31341.12721
2015-02-21,244.51,247.73,243.28,245.54,16187.3669003
2015-02-22,245.53,247.78,232.1,236.5,33576.5010611
2015-02-23,236.5,241.0,232.61,239.4,23852.2713174
2015-02-24,239.33,240.99,236.7,239.73,16615.8145606
2015-02-25,239.95,240.83,235.53,237.99,13529.6277305
2015-02-26,237.98,238.33,233.62,236.93,18687.2468658
2015-02-27,236.93,262.8,236.64,255.05,69855.1332944
2015-02-28,255.06,257.4,251.25,255.7,17286.145574
2015-03-01,255.7,266.91,245.65,262.4,47597.4246682
2015-03-02,262.47,279.61,258.98,277.41,67168.4404979
2015-03-03,277.3,294.0,267.04,283.75,81226.3982969
2015-03-04,283.8,285.99,267.0,273.33,71521.5877659
2015-03-05,272.92,284.99,262.0,277.69,66108.8846339
2015-03-06,277.69,279.75,268.8,273.36,40276.5719699
2015-03-07,273.27,280.76,270.55,276.97,22856.9456037
2015-03-08,276.98,278.68,271.61,275.59,13853.7948903
2015-03-09,275.58,295.0,275.01,291.0,62908.3776801
2015-03-10,291.04,303.96,289.03,292.62,67389.7821945
2015-03-11,292.64,298.75,291.0,296.7,25811.0917904
2015-03-12,296.6,298.8,291.04,295.55,27275.4975594
2015-03-13,295.52,295.91,282.13,283.19,46670.65121
2015-03-14,283.18,287.6,281.36,282.6,23009.6210724
2015-03-15,282.54,287.8,281.59,286.9,13427.520501
2015-03-16,286.71,295.2,286.45,291.22,22313.4246187
2015-03-17,291.24,292.9,281.56,285.25,22235.3698545
2015-03-18,285.11,285.25,248.0,257.21,89923.4157283
2015-03-19,257.2,269.5,246.98,261.98,78451.5371757
2015-03-20,261.7,267.0,259.36,262.19,16197.4779677
2015-03-21,262.18,263.01,255.1,260.47,15082.649219
2015-03-22,260.6,270.8,259.74,268.82,18263.4907552
2015-03-23,268.6,271.5,262.0,267.23,23532.3849302
2015-03-24,267.31,268.4,241.39,246.0,64117.8698715
2015-03-25,246.0,250.95,235.7,246.29,53254.5317815
2015-03-26,246.29,255.0,244.5,249.33,33260.9684126
2015-03-27,249.21,250.45,245.23,246.5,22731.1119358
2015-03-28,246.5,255.96,246.49,252.95,17724.6877324
2015-03-29,252.9,253.01,238.89,242.74,31825.7683493
2015-03-30,242.9,250.98,236.24,247.93,30725.3599198
2015-03-31,247.93,248.8,242.0,244.51,22340.6019467
2015-04-01,244.56,248.71,239.21,246.93,23555.2695753
2015-04-02,247.07,254.94,243.0,253.23,26215.5431042
2015-04-03,253.33,256.49,250.31,254.24,28294.9928171
2015-04-04,254.24,255.7,250.32,253.6,9458.99655888
2015-04-05,253.7,261.25,251.55,260.5,23998.8744946
2015-04-06,260.75,262.45,253.4,255.73,20821.2878821
2015-04-07,255.62,257.9,253.01,253.7,10602.2521199
2015-04-08,253.7,254.99,242.72,244.92,39627.0914263
2015-04-09,244.94,246.79,236.5,243.58,22642.2355531
2015-04-10,243.56,243.74,230.75,236.12,37332.5569562
2015-04-11,236.12,240.58,233.72,236.86,17745.9435584
2015-04-12,236.83,238.7,232.38,236.38,10100.9528618
2015-04-13,236.21,237.7,220.14,224.9,47137.094012
2015-04-14,224.9,225.75,216.37,220.16,40768.8300318
2015-04-15,220.1,224.75,219.01,223.98,24034.5246067
2015-04-16,223.8,230.0,223.01,228.14,28949.2275376
2015-04-17,228.23,228.98,219.58,222.4,27060.8607461
2015-04-18,222.39,224.16,219.94,223.08,11898.008681
2015-04-19,223.23,227.0,222.1,222.16,17571.7854685
2015-04-20,222.28,227.0,221.24,224.21,19932.0480658
2015-04-21,224.21,236.99,224.16,236.96,31768.4230911
2015-04-22,236.18,238.99,232.0,234.14,22065.5891519
2015-04-23,234.35,237.22,233.0,236.01,8848.92120824
2015-04-24,235.82,236.51,228.7,231.38,22481.3834288
2015-04-25,231.21,232.7,225.35,226.01,13390.7287584
2015-04-26,226.1,226.84,213.92,219.7,40909.6564983
2015-04-27,219.73,232.49,218.24,227.13,35237.9739226
2015-04-28,226.91,228.05,222.16,225.3,17189.7187287
2015-04-29,225.3,227.8,222.66,225.23,12204.2370919
2015-04-30,225.56,240.89,224.63,236.11,41361.8577556
2015-05-01,236.18,239.25,231.26,231.78,17016.6398589
2015-05-02,231.75,235.79,231.75,234.81,8932.20058187
2015-05-03,234.76,243.73,233.75,240.57,19159.4783794
2015-05-04,240.69,243.6,236.98,238.54,24658.0932853
2015-05-05,238.68,239.49,231.05,235.87,26115.9077076
2015-05-06,235.85,236.75,226.42,229.27,47524.9971657
2015-05-07,229.04,239.79,227.81,237.3,27216.1271178
2015-05-08,237.3,249.22,236.2,244.5,31065.2996606
2015-05-09,244.52,249.21,240.1,242.54,19372.3110459
2015-05-10,242.53,245.95,238.79,240.73,11933.4066535
2015-05-11,240.8,245.49,238.5,242.46,15989.077249
2015-05-12,242.44,244.67,240.86,241.92,13639.3247039
2015-05-13,242.01,245.0,234.22,235.7,27912.3056392
2015-05-14,235.72,238.39,232.1,236.68,19128.4852997
2015-05-15,236.7,239.0,233.88,237.3,9528.63072937
2015-05-16,237.24,237.58,234.0,235.7,6100.36287139
2015-05-17,235.85,238.24,235.6,236.15,4806.56015574
2015-05-18,236.25,237.25,229.0,232.82,14181.5302039
2015-05-19,232.83,236.76,231.19,231.7,5963.96140137
2015-05-20,231.56,235.24,231.56,234.24,11419.180367
2015-05-21,234.26,236.5,233.9,235.27,10508.6308148
2015-05-22,235.25,241.83,234.59,240.97,22839.3336978
2015-05-23,240.97,241.2,237.54,238.81,8514.03827738
2015-05-24,238.86,242.98,238.52,240.96,7277.27708444
2015-05-25,240.92,241.12,236.1,237.1,8684.72025188
2015-05-26,237.1,238.5,235.26,237.36,8818.48722363
2015-05-27,237.37,239.3,235.0,236.85,9190.00257476
2015-05-28,236.48,237.5,235.85,236.86,5791.2565839
2015-05-29,236.83,237.16,235.02,236.52,6839.5288437
2015-05-30,236.72,236.73,228.2,232.54,14770.9904026
2015-05-31,232.35,232.69,227.0,228.7,11657.2744918
2015-06-01,228.38,230.89,219.71,222.0,31722.4036283
2015-06-02,222.01,226.0,220.97,224.68,16451.1719639
2015-06-03,224.7,227.0,222.26,225.11,17205.3527286
2015-06-04,225.14,225.77,222.64,223.24,11211.433396
2015-06-05,223.24,229.23,222.65,224.51,17603.3349192
2015-06-06,224.7,228.0,223.9,225.66,6830.97598346
2015-06-07,225.69,227.0,222.29,223.26,17255.8954815
2015-06-08,223.29,230.63,223.25,228.76,28828.6623825
2015-06-09,228.79,232.07,227.79,229.06,16389.2326895
2015-06-10,229.06,229.97,227.48,228.6,10773.5126228
2015-06-11,228.61,230.7,228.6,230.0,9540.22374616
2015-06-12,229.99,231.34,229.11,229.55,9752.03407847
2015-06-13,229.51,234.3,228.4,232.87,11058.6270951
2015-06-14,232.86,235.44,232.51,233.54,8262.11109659
2015-06-15,233.5,238.16,233.35,236.98,19153.6613626
2015-06-16,236.97,254.0,236.0,252.17,50864.7083238
2015-06-17,252.19,259.1,246.0,248.95,47481.6399724
2015-06-18,248.96,253.7,243.0,249.51,27557.7940177
2015-06-19,249.38,252.13,243.5,244.58,23929.3557002
2015-06-20,244.56,245.9,240.0,245.38,23906.5002143
2015-06-21,245.38,245.69,241.09,244.25,8170.86177002
2015-06-22,244.25,247.99,243.5,246.67,18508.5265582
2015-06-23,246.69,247.35,242.0,244.25,11550.6436554
2015-06-24,244.19,244.19,239.0,239.8,15567.4440663
2015-06-25,239.75,243.0,239.5,242.05,8703.1761925
2015-06-26,242.15,243.9,240.61,243.29,10163.3707055
2015-06-27,243.29,251.77,242.6,251.61,18134.80647
2015-06-28,251.6,252.06,247.25,248.71,12904.1308524
2015-06-29,248.71,257.74,248.57,256.69,34766.0316297
2015-06-30,256.7,269.0,253.05,262.89,47275.256142
2015-07-01,262.9,264.81,252.77,258.1,21546.0343286
2015-07-02,258.08,262.61,253.0,254.52,17333.6982928
2015-07-03,254.52,256.9,252.11,256.09,11553.1622049
2015-07-04,256.12,262.64,253.57,260.58,9743.30293773
2015-07-05,260.57,275.88,258.0,271.96,47847.8565046
2015-07-06,271.82,278.69,267.33,269.23,56608.3608222
2015-07-07,269.24,271.5,262.61,265.72,22314.5522833
2015-07-08,265.78,274.11,263.0,270.52,35180.2476229
2015-07-09,270.49,274.0,266.22,269.23,24012.1372514
2015-07-10,269.22,296.1,268.58,285.36,89649.0516986
2015-07-11,285.35,299.56,283.46,293.18,38177.4689727
2015-07-12,293.19,316.23,291.81,311.14,61504.919357
2015-07-13,311.14,312.0,281.5,292.65,74168.2658166
2015-07-14,292.6,297.25,286.0,286.83,23541.1863421
2015-07-15,286.87,294.44,283.51,285.42,21732.2983354
2015-07-16,285.42,295.0,275.21,278.94,52863.271368
2015-07-17,278.93,281.55,272.0,279.82,25359.4462727
2015-07-18,279.52,283.33,276.12,277.25,15384.9051982
2015-07-19,277.25,279.18,274.69,275.04,8015.11644591
2015-07-20,275.04,280.5,273.5,280.2,12344.2415505
2015-07-21,280.2,282.1,275.09,275.55,13039.3777523
2015-07-22,275.55,278.39,274.5,277.99,10967.3977903
2015-07-23,277.88,278.44,275.56,276.51,5434.12477348
2015-07-24,276.48,289.93,276.02,288.6,24289.5171357
2015-07-25,288.58,292.35,286.39,289.37,11608.5300555
2015-07-26,289.36,294.57,288.12,293.01,9326.27781654
2015-07-27,293.0,298.74,286.0,294.84,25470.1120775
2015-07-28,294.73,298.93,293.61,295.23,14362.9927035
2015-07-29,295.24,295.68,286.02,289.92,15838.0626616
2015-07-30,289.92,291.0,284.01,288.21,12128.6971334
2015-07-31,288.02,289.85,281.0,284.45,14579.9360617
2015-08-01,284.45,284.99,276.53,280.31,12322.3679102
2015-08-02,280.31,283.44,276.26,282.44,11736.2155571
2015-08-03,282.44,287.05,279.7,281.28,14793.6287321
2015-08-04,281.28,285.94,281.28,285.47,11987.335316
2015-08-05,285.47,285.94,281.49,282.61,7640.2891125
2015-08-06,282.58,282.58,278.0,279.08,10150.433233
2015-08-07,279.08,281.0,276.07,280.19,12684.5003209
2015-08-08,280.04,280.32,260.62,261.34,36971.3231946
2015-08-09,261.34,267.6,260.73,265.58,20876.9722514
2015-08-10,265.69,267.72,262.17,265.1,10783.2602438
2015-08-11,265.09,272.99,264.81,271.96,12654.8738087
2015-08-12,271.97,273.75,265.8,267.1,16300.5060774
2015-08-13,267.09,268.0,263.33,264.47,12871.1827445
2015-08-14,264.47,268.97,262.13,266.09,13583.8672325
2015-08-15,266.32,267.76,260.96,262.2,10401.2034115
2015-08-16,262.04,262.9,256.5,259.9,27230.2661679
2015-08-17,259.9,262.37,257.4,258.49,9940.91939962
2015-08-18,258.5,258.5,162.0,194.52381,81453.0451232
2015-08-19,194.52381,255.08,178.12,226.32,84860.2183444
2015-08-20,226.31,237.94,226.27,235.54,26304.2761822
2015-08-21,235.55,236.43,230.52,232.17,12992.0767456
2015-08-22,232.46,234.71,221.77,230.27,20964.9105437
2015-08-23,230.33,232.88,225.58,228.53,12032.3697935
2015-08-24,228.1,228.69,207.62,210.5,54223.2046931
2015-08-25,210.49,228.77,196.6,222.03,69274.1814432
2015-08-26,222.7,232.38,220.1,226.12,23772.9759536
2015-08-27,226.13,229.5,224.0,225.8,11743.6005854
2015-08-28,225.66,238.9,220.11,231.83,27324.7033684
2015-08-29,232.08,234.03,227.16,230.75,10050.0091962
2015-08-30,230.9,233.96,225.2,229.99,8840.01018786
2015-08-31,229.99,233.69,225.31,231.35,10923.5833991
2015-09-01,231.06,232.39,226.55,228.24,9810.61182733
2015-09-02,228.24,231.89,226.51,229.71,9011.85646725
2015-09-03,229.71,229.96,226.1,227.25,6915.70967104
2015-09-04,227.29,231.66,227.01,230.89,10799.5983152
2015-09-05,230.88,239.76,230.01,235.84,12199.2302943
2015-09-06,235.84,248.48,235.5,240.97,20514.644031
2015-09-07,241.0,243.0,239.03,240.85,6949.44115779
2015-09-08,240.91,247.68,240.27,244.2,16344.6151537
2015-09-09,244.2,245.57,238.38,239.07,15577.9453196
2015-09-10,238.97,242.83,237.01,239.49,10917.7373096
2015-09-11,239.4,242.89,239.39,240.6,7041.89767724
2015-09-12,240.9,241.0,235.33,235.77,9833.24781185
2015-09-13,235.86,236.85,228.95,230.96,12591.828997
2015-09-14,231.11,233.9,228.4,230.89,9565.15571283
2015-09-15,231.07,232.93,229.5,230.93,6838.80060602
2015-09-16,230.91,232.12,227.33,228.99,8901.07462761
2015-09-17,228.99,235.71,228.99,233.61,11251.9009232
2015-09-18,233.65,236.26,232.52,233.78,8674.92224092
2015-09-19,233.79,234.19,231.4,232.09,4969.653817
2015-09-20,232.01,233.38,231.4,232.12,3471.50489893
2015-09-21,232.11,232.97,226.38,227.22,9804.99836611
2015-09-22,227.25,233.95,224.25,231.11,18854.9366088
2015-09-23,231.43,233.0,230.03,230.54,5720.27547465
2015-09-24,230.57,236.25,230.54,234.65,15377.2409667
2015-09-25,234.65,237.7,233.05,235.26,9861.4277771
2015-09-26,235.39,235.95,233.75,234.63,4796.04811748
2015-09-27,234.63,234.78,233.0,233.37,2592.00155383
2015-09-28,233.37,241.44,233.37,240.43,12488.22016
2015-09-29,240.43,241.5,236.61,236.8,9459.77890536
2015-09-30,236.9,238.78,235.11,236.49,5152.91520089
2015-10-01,236.72,240.09,236.19,238.48,6107.43096947
2015-10-02,238.25,240.0,237.33,237.86,5607.98936459
2015-10-03,237.84,241.11,237.68,239.79,6221.0973625
2015-10-04,239.73,240.93,239.29,239.5,2081.94241537
2015-10-05,239.47,242.89,236.24,242.0,12198.9370203
2015-10-06,242.01,249.01,241.51,247.36,16277.3495449
2015-10-07,247.35,247.93,243.5,244.0,8806.62652877
2015-10-08,244.0,245.65,242.62,243.0,6046.70528354
2015-10-09,242.99,245.45,242.63,244.82,3572.48926215
2015-10-10,244.93,246.41,243.5,246.01,4196.52667741
2015-10-11,245.93,248.73,243.75,247.99,4868.94170189
2015-10-12,247.92,248.45,245.21,246.17,5203.50998203
2015-10-13,246.15,253.43,244.0,251.25,16746.3196923
2015-10-14,251.08,255.95,250.1,253.5,10143.2669366
2015-10-15,253.5,257.5,253.44,255.19,10462.8704923
2015-10-16,255.19,267.83,254.91,263.45,21966.8422781
2015-10-17,263.47,275.19,258.32,272.9,42840.6676771
2015-10-18,272.9,274.66,263.3,265.01,15347.1930916
2015-10-19,265.29,268.28,262.35,265.1,10903.419169
2015-10-20,265.02,273.97,264.39,270.97,14439.6440851
2015-10-21,270.99,272.28,264.1,267.8,10617.4462959
2015-10-22,267.99,279.97,267.3,275.83,27240.7695845
2015-10-23,275.83,280.9,275.15,279.21,15857.5633378
2015-10-24,279.04,284.47,279.0,284.19,13934.5865672
2015-10-25,284.19,295.99,281.2,284.79,40017.6507969
2015-10-26,284.7,287.92,282.25,287.22,17157.5562752
2015-10-27,287.22,298.86,286.71,295.29,26822.8422907
2015-10-28,295.29,307.99,295.29,304.5,35610.6397049
2015-10-29,304.5,321.53,301.5,314.88,51213.8433123
2015-10-30,314.23,336.0,313.82,328.19,62862.1079376
2015-10-31,328.2,335.87,307.2,316.0,42942.3117878
2015-11-01,316.0,333.49,313.6,330.23,25673.0870176
2015-11-02,330.23,373.12,326.8,365.33,71218.1479877
2015-11-03,365.08,423.88,361.11,405.0,171790.927933
2015-11-04,404.98,504.0,366.66,409.24,274465.728234
2015-11-05,409.23,449.95,370.0,387.14,157865.945783
2015-11-06,387.93,396.78,351.2,375.56,106625.955543
2015-11-07,375.56,392.23,371.32,384.99,34416.7134629
2015-11-08,384.28,390.33,365.56,374.1,30831.923011
2015-11-09,374.52,388.99,360.0,381.1,38111.9548491
2015-11-10,381.1,383.4,327.02,340.18,88482.2746787
2015-11-11,340.18,343.79,300.28,314.45,117015.476816
2015-11-12,314.45,346.44,314.14,336.84,57235.7452055
2015-11-13,336.86,343.75,326.22,338.53,29935.6302297
2015-11-14,338.54,340.72,328.5,333.37,20324.6267693
2015-11-15,333.39,336.6,315.0,320.52,31597.1678629
2015-11-16,320.8,335.0,315.2,332.1,25747.0142364
2015-11-17,332.16,342.5,331.05,336.29,27167.9770199
2015-11-18,336.29,338.99,327.91,335.94,15625.5383197
2015-11-19,335.83,336.57,324.02,326.5,18932.5528605
2015-11-20,326.49,326.77,309.46,322.2,30160.0102475
2015-11-21,322.29,329.35,318.95,327.84,10478.8557162
2015-11-22,327.84,327.85,320.36,324.66,7051.90999034
2015-11-23,324.66,327.5,320.9,323.63,7775.67515741
2015-11-24,323.65,323.77,315.55,320.1,9618.01049005
2015-11-25,320.49,332.43,316.02,329.85,20518.1656995
2015-11-26,329.85,369.9,329.35,354.0,81485.1298224
2015-11-27,354.0,367.0,348.18,358.9,34902.8588615
2015-11-28,359.0,362.44,351.0,358.6,19427.6777884
2015-11-29,358.54,376.0,355.17,373.89,25779.9895178
2015-11-30,373.84,384.99,368.11,376.88,47494.9373784
2015-12-01,376.89,379.99,353.1,362.59,44093.4687138
2015-12-02,362.59,363.22,346.13,359.12,31554.7711215
2015-12-03,359.12,371.5,352.25,360.53,27383.7998961
2015-12-04,360.62,364.4,354.31,363.17,14651.487496
2015-12-05,363.04,395.0,362.08,389.79,46136.895401
2015-12-06,390.01,407.57,386.01,390.6,60580.329364
2015-12-07,390.88,404.24,384.53,396.7,33608.0216661
2015-12-08,397.0,422.39,388.37,422.0,33197.5458616
2015-12-09,422.0,426.59,405.0,418.73,52054.2107085
2015-12-10,418.86,421.82,411.09,414.94,21325.4436757
2015-12-11,414.88,458.99,414.8,457.0,75607.4008833
2015-12-12,456.32,475.04,402.5,435.61,104578.32401
2015-12-13,435.61,443.92,415.24,433.36,33644.4114141
2015-12-14,432.91,450.0,427.3,442.59,27298.3671313
2015-12-15,442.55,467.29,442.51,466.01,41284.0145816
2015-12-16,466.43,469.99,440.0,454.94,67032.8754023
2015-12-17,454.94,458.56,446.21,455.57,17826.0175517
2015-12-18,455.71,466.6,450.1,463.52,27045.4316643
2015-12-19,463.51,467.0,452.0,462.44,21214.6797221
2015-12-20,462.45,462.78,431.5,442.62,46317.8463263
2015-12-21,442.62,447.45,424.37,437.52,43153.4582343
2015-12-22,437.81,443.64,433.0,435.65,18486.2109485
2015-12-23,435.05,445.76,433.62,442.62,16464.7867775
2015-12-24,442.62,459.1,442.45,456.13,19865.7383194
2015-12-25,456.02,460.0,445.0,455.47,15176.7280263
2015-12-26,455.3,460.05,405.5,416.51,96470.8738975
2015-12-27,416.35,424.89,407.0,422.32,27798.8155107
2015-12-28,421.82,429.0,417.01,420.24,24284.3300766
2015-12-29,420.11,433.55,418.01,431.79,22073.5631997
2015-12-30,431.77,434.0,420.0,423.55,22247.5964583
2015-12-31,423.51,432.59,412.5,429.02,21403.6592821
2016-01-01,429.17,436.49,426.26,433.98,13077.6689081
2016-01-02,433.89,435.8,430.0,432.7,6347.95293087
2016-01-03,432.66,433.07,421.73,428.39,19201.8333632
2016-01-04,428.63,435.67,426.97,432.9,12950.3820325
2016-01-05,432.61,434.91,427.91,431.84,11172.0038173
2016-01-06,431.99,432.24,425.03,428.89,9440.11476438
2016-01-07,428.2,462.0,427.11,458.78,55383.3211268
2016-01-08,458.41,465.0,446.55,454.0,29967.8530869
2016-01-09,454.0,456.01,447.07,449.23,8950.47934716
2016-01-10,449.23,450.26,441.01,449.35,13778.2559666
2016-01-11,449.34,452.49,443.42,449.26,14809.0026199
2016-01-12,449.26,449.98,427.01,432.04,20739.2843792
2016-01-13,431.99,436.36,416.0,431.11,33149.4077133
2016-01-14,431.09,435.0,426.0,429.25,13304.5377862
2016-01-15,429.27,429.43,357.02,359.16,123870.53485
2016-01-16,359.16,392.5,352.5,388.4,74056.4601931
2016-01-17,388.43,393.31,378.76,382.02,20715.0043007
2016-01-18,382.11,390.0,375.01,387.1,19467.0440437
2016-01-19,387.04,388.61,377.41,378.93,17187.6360388
2016-01-20,378.94,428.0,375.01,419.55,82802.5015289
2016-01-21,419.65,424.57,405.0,411.01,29020.2464756
2016-01-22,411.0,411.2,371.25,380.96,62211.4159951
2016-01-23,381.0,394.81,379.85,385.57,21470.918503
2016-01-24,385.55,407.33,385.1,402.77,23219.9278373
2016-01-25,402.76,402.77,384.0,390.96,22662.1473361
2016-01-26,390.91,398.0,386.66,391.41,13322.8704292
2016-01-27,391.23,396.99,389.66,394.97,8538.43203569
2016-01-28,394.7,395.48,375.01,378.39,25024.0811381
2016-01-29,378.15,386.0,360.03,377.6,62189.2193291
2016-01-30,377.4,380.6,374.0,376.56,10501.9479782
2016-01-31,376.31,378.9,362.57,365.52,14880.4786903
2016-02-01,365.58,379.27,363.23,371.42,24797.1967585
2016-02-02,371.22,374.8,369.69,372.9,10443.4621386
2016-02-03,372.9,374.0,365.65,368.98,13195.100736
2016-02-04,369.0,393.89,368.65,389.96,37330.493971
2016-02-05,389.98,393.0,384.19,386.54,16879.2358687
2016-02-06,386.54,386.54,365.0,373.75,40198.3776634
2016-02-07,373.71,377.8,369.17,372.01,13056.0623937
2016-02-08,372.26,377.0,369.01,370.49,16881.2055217
2016-02-09,370.29,377.96,370.04,374.31,9216.51889923
2016-02-10,374.43,387.0,373.13,381.17,33530.1378416
2016-02-11,380.97,383.23,372.25,377.99,14521.2680198
2016-02-12,378.0,383.53,377.04,382.94,10146.8358454
2016-02-13,382.94,393.0,382.55,393.0,14755.5376559
2016-02-14,392.99,408.66,392.93,408.3,29423.6760944
2016-02-15,408.3,412.5,395.23,399.9,30129.6851933
2016-02-16,400.08,408.77,398.66,407.27,13991.0567774
2016-02-17,407.37,421.9,405.16,414.88,30392.498801
2016-02-18,414.89,426.21,412.51,421.5,25228.6344294
2016-02-19,421.51,422.54,412.0,419.85,13268.5562468
2016-02-20,419.72,445.96,419.72,438.7,47471.2598546
2016-02-21,438.73,451.6,428.01,440.49,43007.3640973
2016-02-22,440.49,442.5,433.01,440.27,16337.4664399
2016-02-23,440.25,442.67,416.24,421.4,32380.1736953
2016-02-24,421.5,427.5,409.69,426.36,22390.466551
2016-02-25,426.36,430.0,419.5,424.88,13595.7603085
2016-02-26,424.89,435.9,419.83,435.49,18860.3418935
2016-02-27,435.49,438.6,431.81,434.3,11592.3533682
2016-02-28,434.03,437.89,422.1,434.45,19852.2710985
2016-02-29,434.46,445.0,430.51,438.99,20388.7504616
2016-03-01,439.53,442.79,427.26,434.82,19590.3240927
2016-03-02,434.99,436.45,421.11,422.09,16455.5907526
2016-03-03,421.7,424.43,416.4,420.56,20874.0514007
2016-03-04,420.19,423.99,407.5,408.82,21749.4198559
2016-03-05,408.71,410.14,389.0,397.36,46943.7914756
2016-03-06,397.37,409.5,392.01,403.75,19694.8652692
2016-03-07,403.77,415.8,401.51,412.7,15306.2213303
2016-03-08,412.62,416.0,406.0,411.35,10227.455512
2016-03-09,411.34,414.5,407.47,413.05,9027.75321888
2016-03-10,412.9,418.24,410.68,416.51,13709.0829207
2016-03-11,416.64,423.6,415.5,420.47,15464.7786427
2016-03-12,420.49,421.81,406.38,410.01,17020.4255446
2016-03-13,410.01,416.0,410.0,411.87,7628.34253444
2016-03-14,412.0,417.99,411.7,415.91,9210.4322585
2016-03-15,415.99,418.82,412.78,415.5,9632.10565438
2016-03-16,415.52,418.0,413.96,417.28,7066.70644692
2016-03-17,417.28,420.6,416.67,418.75,8308.82137835
2016-03-18,418.71,418.86,403.01,407.86,21090.8426335
2016-03-19,407.5,412.0,404.0,408.68,8942.95391114
2016-03-20,408.7,413.2,407.92,411.25,5655.4961424
2016-03-21,410.81,412.14,406.0,411.88,7818.38780842
2016-03-22,411.85,418.68,409.88,417.7,10196.1058122
2016-03-23,417.7,419.72,415.83,418.12,7195.02123423
2016-03-24,418.12,418.13,414.0,415.3,7559.67108636
2016-03-25,415.3,417.03,413.03,416.0,3690.24588063
2016-03-26,416.02,419.4,413.2,416.71,5039.73935942
2016-03-27,416.72,431.0,415.79,427.36,22410.7568962
2016-03-28,427.34,427.99,422.38,424.06,9241.01649983
2016-03-29,424.03,426.41,406.51,416.0,23306.7306002
2016-03-30,415.87,416.0,408.58,413.12,9037.93067535
2016-03-31,413.04,418.25,413.04,416.02,7268.31765999
2016-04-01,416.34,417.9,414.0,417.9,5456.76943887
2016-04-02,417.89,422.8,417.53,420.3,6070.78823934
2016-04-03,420.31,421.82,416.0,420.6,4254.11994825
2016-04-04,420.99,421.2,416.24,420.46,5751.29314238
2016-04-05,420.46,425.0,419.61,423.75,7261.82082675
2016-04-06,423.75,424.68,421.69,422.57,5680.19307306
2016-04-07,422.52,422.86,417.78,422.28,7727.14024559
2016-04-08,422.29,424.49,415.5,418.5,9847.57852609
2016-04-09,418.23,418.76,412.0,418.47,6326.97349855
2016-04-10,418.48,422.9,417.49,421.32,4248.0217564
2016-04-11,421.32,423.9,418.8,423.74,6404.8393151
2016-04-12,423.75,430.0,423.56,426.59,14772.7050722
2016-04-13,426.78,427.68,423.0,424.75,6666.45445863
2016-04-14,424.77,426.49,424.01,426.01,4132.51666239
2016-04-15,426.01,432.49,426.01,431.48,15836.3444329
2016-04-16,431.06,435.67,430.47,432.04,7705.23014106
2016-04-17,432.52,433.49,426.37,428.51,8483.81721252
2016-04-18,428.51,430.91,426.52,430.03,7577.09982227
2016-04-19,430.04,439.0,428.54,437.76,12049.7631653
2016-04-20,437.81,446.61,436.6,443.85,21245.4699757
2016-04-21,443.82,454.5,442.01,452.26,17836.1281487
2016-04-22,452.01,453.15,444.51,447.8,12208.124217
2016-04-23,447.79,454.95,445.67,453.69,10158.0887422
2016-04-24,453.41,464.99,450.18,463.02,24137.2266338
2016-04-25,463.33,471.58,455.0,461.77,25926.4859588
2016-04-26,461.77,471.99,461.77,468.14,18688.0035584
2016-04-27,468.14,470.17,443.0,444.85,40283.2248107
2016-04-28,445.14,450.83,435.0,450.46,25328.1470528
2016-04-29,450.52,457.49,445.8,455.32,13419.0298735
2016-04-30,455.33,455.98,445.01,446.6,10583.3700618
2016-05-01,446.79,452.99,445.69,451.11,3901.33894349
2016-05-02,451.12,452.5,436.0,443.73,29738.7340579
2016-05-03,443.99,452.0,440.1,450.39,12157.5720856
2016-05-04,450.21,450.98,445.07,447.38,7045.36356892
2016-05-05,447.22,451.68,445.51,448.4,10788.7269654
2016-05-06,448.32,466.0,448.0,461.18,26539.5196095
2016-05-07,461.36,463.05,458.3,460.2,7810.85492375
2016-05-08,460.34,461.62,456.04,459.87,6454.8718905
2016-05-09,459.88,465.4,457.8,461.56,15120.9467619
2016-05-10,461.23,465.0,445.01,450.7,22571.9390879
2016-05-11,450.7,454.68,450.01,452.28,8033.34446997
2016-05-12,452.28,456.75,445.91,455.01,18088.0116039
2016-05-13,455.0,457.66,452.0,455.76,7127.41790473
2016-05-14,455.75,458.86,454.0,455.8,3608.80902935
2016-05-15,455.8,460.67,454.31,457.89,5644.05214261
2016-05-16,457.95,458.95,451.0,453.01,8789.98783701
2016-05-17,453.0,454.91,451.0,453.24,7609.40911039
2016-05-18,452.71,457.0,451.53,453.52,7162.25703935
2016-05-19,453.52,454.71,433.0,434.55,30396.8125585
2016-05-20,434.99,443.14,433.0,441.57,14241.0157445
2016-05-21,441.57,442.16,435.3,440.81,6222.70927555
2016-05-22,440.88,441.0,435.1,437.48,7236.70601603
2016-05-23,437.4,444.4,436.51,443.51,7873.12727328
2016-05-24,443.53,447.85,442.39,445.03,8329.83371693
2016-05-25,445.0,450.51,442.5,449.09,12353.3923892
2016-05-26,449.09,454.8,446.01,453.95,9517.72213888
2016-05-27,453.58,482.31,453.58,472.01,59125.7898883
2016-05-28,472.01,543.0,471.0,526.02,74521.6329089
2016-05-29,527.0,570.0,512.11,531.0,83566.1345341
2016-05-30,529.97,548.5,521.11,532.89,32596.6757237
2016-05-31,533.14,546.5,518.0,530.69,49880.6118595
2016-06-01,530.69,546.12,523.75,536.79,27816.5585714
2016-06-02,536.91,544.0,532.37,538.8,16882.3688808
2016-06-03,538.9,579.94,535.65,570.87,48446.2917652
2016-06-04,570.82,593.89,560.1,572.87,39118.5241387
2016-06-05,573.08,586.47,564.64,574.02,28143.3010819
2016-06-06,574.01,588.6,573.93,585.34,27464.294823
2016-06-07,585.59,592.08,561.3,576.88,36112.7530344
2016-06-08,577.23,585.15,570.62,583.05,18084.1761621
2016-06-09,583.26,584.05,569.97,575.52,21873.8924211
2016-06-10,575.52,582.43,572.5,580.09,16178.0423942
2016-06-11,580.08,615.0,579.29,614.51,28441.7039068
2016-06-12,614.51,685.0,601.34,672.0,116432.040331
2016-06-13,671.98,719.0,658.0,705.87,117683.176155
2016-06-14,705.87,705.88,656.51,684.5,65715.5700168
2016-06-15,684.5,699.4,667.89,696.99,34104.0515539
2016-06-16,698.0,779.0,697.31,769.5,123792.10327
2016-06-17,769.46,780.0,702.01,747.95,97376.6511268
2016-06-18,747.7,789.78,720.0,757.6,66955.0889191
2016-06-19,757.63,775.0,739.0,767.3,26699.5309959
2016-06-20,767.31,767.77,721.0,743.9,46264.5357556
2016-06-21,742.98,742.98,635.37,668.6,102133.434818
2016-06-22,669.0,688.32,588.88,605.85,100527.243388
2016-06-23,605.87,639.0,555.56,625.8,122951.196343
2016-06-24,625.8,679.99,625.79,665.5,92367.9234868
2016-06-25,665.99,698.0,640.11,664.87,55625.8121891
2016-06-26,664.38,668.01,614.33,627.42,45122.5197124
2016-06-27,627.75,662.33,616.07,662.33,46177.3671531
2016-06-28,662.28,664.26,631.65,646.61,35578.3873074
2016-06-29,646.22,646.25,621.58,640.0,33257.9731991
2016-06-30,640.29,677.47,635.57,674.74,40248.0235075
2016-07-01,674.57,690.62,667.61,674.75,41619.5632906
2016-07-02,675.04,706.0,673.36,705.99,29202.5184462
2016-07-03,705.99,706.98,644.1,659.29,44643.7466386
2016-07-04,659.33,684.44,644.46,681.34,23524.4181546
2016-07-05,681.35,682.7,655.3,667.8,17404.8609863
2016-07-06,667.77,682.9,666.71,677.04,15922.7377049
2016-07-07,677.35,682.0,610.1,640.51,75728.026676
2016-07-08,640.33,666.66,633.75,664.8,32848.4892648
2016-07-09,664.42,664.43,620.0,648.11,46883.1586784
2016-07-10,648.12,651.47,636.09,649.72,10274.8647221
2016-07-11,649.08,662.6,643.4,647.95,13920.792178
2016-07-12,648.19,679.9,645.45,667.19,30215.611421
2016-07-13,667.07,669.87,652.51,653.7,17511.7915983
2016-07-14,653.61,667.5,649.89,659.78,20197.9307713
2016-07-15,660.18,669.95,658.11,665.5,9472.16958394
2016-07-16,665.5,669.65,659.12,665.33,5924.14414477
2016-07-17,665.33,689.96,663.61,683.2,20414.443628
2016-07-18,683.18,686.74,666.02,674.3,18078.6636251
2016-07-19,674.31,678.59,665.0,675.0,10947.2977349
2016-07-20,675.3,676.0,661.0,665.85,12852.4691121
2016-07-21,665.91,668.0,654.97,665.01,10702.0055967
2016-07-22,665.01,668.0,639.41,648.04,27841.9231127
2016-07-23,648.11,657.13,644.97,654.03,10004.5471687
2016-07-24,654.9,664.15,650.52,661.82,14018.7856541
2016-07-25,661.73,664.41,646.22,654.17,14838.3411047
2016-07-26,653.91,657.61,640.56,648.47,20359.8092716
2016-07-27,648.1,662.78,646.44,655.51,13286.8644006
2016-07-28,655.5,659.67,652.52,655.93,8880.20242111
2016-07-29,656.52,660.49,654.54,658.34,9227.87150603
2016-07-30,658.32,660.46,647.79,654.99,8090.96048464
2016-07-31,654.99,655.17,621.25,622.83,33255.804679
2016-08-01,622.83,627.35,605.01,608.29,31426.51603
2016-08-02,608.24,615.29,595.0,604.1,33013.9623375
2016-08-03,0.0,0.0,0.0,0.0,0.0
2016-08-04,0.0,0.0,0.0,0.0,0.0
2016-08-05,0.0,0.0,0.0,0.0,0.0
2016-08-06,0.0,0.0,0.0,0.0,0.0
2016-08-07,0.0,0.0,0.0,0.0,0.0
2016-08-08,0.0,0.0,0.0,0.0,0.0
2016-08-09,0.0,0.0,0.0,0.0,0.0
2016-08-10,579.0,614.5,579.0,590.28,21352.1111185
2016-08-11,590.5,599.75,584.59,591.27,15295.5624281
2016-08-12,591.26,593.0,584.0,585.5,6287.98760026
2016-08-13,585.5,590.02,582.0,583.73,6420.32283696
2016-08-14,583.73,583.75,564.0,569.41,7530.30904219
2016-08-15,569.65,575.75,562.99,564.64,7650.16951653
2016-08-16,564.55,579.0,564.0,574.17,6221.58467139
2016-08-17,574.23,578.5,569.0,571.83,5033.03121331
2016-08-18,571.95,578.75,569.71,572.21,6000.6229885
2016-08-19,572.33,577.25,570.82,573.51,2942.51726681
2016-08-20,573.61,582.75,571.25,582.1,3326.81486245
2016-08-21,582.01,584.27,580.0,581.42,2425.60721087
2016-08-22,581.5,589.99,581.28,588.01,4623.22707838
2016-08-23,588.01,590.69,581.1,583.54,4803.80673527
2016-08-24,583.55,586.91,580.0,580.32,5052.56705987
2016-08-25,580.23,581.14,574.01,577.2,3571.55271552
2016-08-26,576.89,579.51,575.06,578.02,1769.10070238
2016-08-27,578.09,578.99,567.23,568.55,2258.285485
2016-08-28,568.45,574.54,568.18,574.17,1518.12951235
2016-08-29,574.26,578.1,573.01,574.78,2800.79053777
2016-08-30,574.75,580.28,574.07,579.49,3195.79981424
2016-08-31,579.37,579.52,572.02,576.15,3511.25386186
2016-09-01,576.27,577.98,571.43,572.73,3616.49453131
2016-09-02,572.73,581.23,570.61,579.85,5670.91686647
2016-09-03,579.85,615.0,576.04,609.89,8205.25257421
2016-09-04,610.0,618.65,601.83,614.52,5061.10388377
2016-09-05,614.51,615.68,603.84,611.5,5077.20791116
2016-09-06,612.24,617.53,609.7,615.23,3089.90030138
2016-09-07,615.3,620.85,610.83,619.75,5526.08815432
2016-09-08,619.95,636.16,617.12,631.73,8271.43993824
2016-09-09,631.73,633.81,621.24,626.25,4271.1996237
2016-09-10,626.36,629.65,624.68,628.0,4044.14425778
2016-09-11,628.0,635.0,595.36,612.08,9640.78154317
2016-09-12,612.08,615.21,608.01,611.62,4972.78278704
2016-09-13,611.64,640.0,610.0,614.23,7273.90802996
2016-09-14,614.25,617.38,612.01,613.88,5932.2014428
2016-09-15,613.88,617.93,611.0,611.81,4374.86124848
2016-09-16,611.81,614.22,609.54,610.01,3703.33212784
2016-09-17,610.0,610.75,604.96,607.69,3566.49931965
2016-09-18,607.98,616.34,607.18,613.03,2932.95793227
2016-09-19,613.03,615.05,608.6,609.79,2956.96640014
2016-09-20,609.79,612.01,600.01,600.14,3414.85985074
2016-09-21,600.13,601.18,591.0,597.43,7658.45169444
2016-09-22,597.43,598.7,595.92,597.08,2333.42531112
2016-09-23,597.08,603.99,595.95,603.29,1957.41100837
2016-09-24,603.28,606.0,601.0,602.55,943.40330697
2016-09-25,603.01,603.99,597.3,600.36,1385.71804476
2016-09-26,600.24,610.1,599.86,609.14,3113.73087306
2016-09-27,608.94,609.91,602.01,605.53,3196.8005667
2016-09-28,605.5,605.77,603.07,603.76,2052.84259047
2016-09-29,604.01,607.96,603.04,604.6,3144.33070204
2016-09-30,604.6,613.27,603.99,611.1,2363.90769959
2016-10-01,611.1,616.87,611.1,614.09,1900.06005168
2016-10-02,614.08,614.21,575.0,609.09,4967.64168069
2016-10-03,608.98,618.0,608.91,612.67,3284.72217779
2016-10-04,612.68,614.11,609.63,610.98,4006.4969625
2016-10-05,610.71,617.28,610.0,614.09,3411.1070412
2016-10-06,614.3,615.9,612.68,613.51,3075.05759652
2016-10-07,613.95,621.71,613.0,620.13,4853.35465297
2016-10-08,619.99,622.87,617.91,620.5,3113.2366971
2016-10-09,620.7,620.91,614.01,616.56,2735.93897282
2016-10-10,616.55,620.0,615.91,618.87,3178.06655812
2016-10-11,618.87,646.86,618.06,641.87,12434.7475691
2016-10-12,642.0,644.07,636.91,637.63,3854.24778624
2016-10-13,637.62,644.29,636.38,637.01,5009.93379241
2016-10-14,637.01,645.4,636.72,643.0,6637.09071324
2016-10-15,642.74,645.69,637.91,640.2,2402.26242554
2016-10-16,640.42,645.8,639.82,644.18,2389.29065568
2016-10-17,644.17,644.56,637.58,639.79,5018.0317722
2016-10-18,639.71,641.98,632.93,638.68,6087.91173668
2016-10-19,638.69,644.0,627.84,631.77,8991.46184485
2016-10-20,631.56,633.61,628.0,632.46,3336.85339327
2016-10-21,632.46,639.0,632.0,636.73,7218.71238716
2016-10-22,635.91,672.2,635.06,664.99,10094.5849819
2016-10-23,664.99,671.4,656.04,659.03,5729.98352418
2016-10-24,658.36,659.41,654.01,654.65,5695.45023816
2016-10-25,654.35,670.0,652.6,659.52,5525.77069839
2016-10-26,659.49,685.84,658.46,678.7,11694.7207574
2016-10-27,678.7,690.92,676.69,688.67,12929.474087
2016-10-28,688.29,695.34,681.08,693.47,10104.6272574
2016-10-29,693.32,724.0,691.42,714.51,15281.3597846
2016-10-30,714.74,716.66,696.96,702.55,12196.4548124
2016-10-31,702.57,709.0,687.6,701.02,8567.85971694
2016-11-01,701.01,746.55,701.01,734.6,22309.5425613
2016-11-02,734.6,751.47,723.59,750.85,9392.42912698
2016-11-03,751.1,754.66,676.0,692.51,28203.1650261
2016-11-04,692.66,710.9,686.42,707.62,14558.2856555
2016-11-05,708.15,713.88,700.82,708.89,6022.25996563
2016-11-06,709.14,721.61,700.01,713.95,7163.32896867
2016-11-07,713.8,713.8,700.02,705.55,3788.61245453
2016-11-08,705.42,717.99,703.0,711.99,9870.58000188
2016-11-09,711.98,743.06,708.5,724.54,15100.0995733
2016-11-10,723.37,725.0,709.13,714.87,4457.54406507
2016-11-11,714.87,719.37,712.03,716.22,4914.19872949
2016-11-12,716.61,716.99,700.1,703.57,5914.20699191
2016-11-13,703.56,706.47,687.6,703.64,8691.96006393
2016-11-14,703.61,709.91,698.76,707.43,6011.54651731
2016-11-15,707.44,720.05,707.4,712.17,7936.33043228
2016-11-16,712.0,747.49,710.0,744.98,17948.5067143
2016-11-17,744.98,763.85,735.0,740.67,14889.3087469
2016-11-18,740.01,759.89,734.5,753.97,6962.71085661
2016-11-19,753.91,759.99,740.0,752.9,6044.662876
2016-11-20,752.17,757.0,711.16,729.67,13912.6238054
2016-11-21,729.68,740.6,728.08,738.99,7200.7851153
2016-11-22,739.0,753.91,733.25,749.85,9485.31653992
2016-11-23,749.85,750.91,730.79,742.0,5581.25749339
2016-11-24,741.99,744.32,727.61,737.61,6069.21753303
2016-11-25,737.67,741.12,730.0,740.36,4062.25913716
2016-11-26,739.77,740.99,720.0,731.19,4490.18685577
2016-11-27,731.27,736.19,722.5,724.9,3495.31780063
2016-11-28,724.99,734.99,724.99,731.52,4139.05898631
2016-11-29,731.52,734.89,728.68,731.05,5649.69631816
2016-11-30,731.06,743.14,728.98,739.0,5529.47175159
2016-12-01,739.0,756.0,738.8,755.36,13400.3128641
2016-12-02,755.42,779.21,755.15,774.88,13415.189943
2016-12-03,774.87,774.87,755.98,765.46,5730.44318638
2016-12-04,765.98,769.99,758.82,768.5,4202.67589499
2016-12-05,768.5,769.0,744.59,750.62,10067.8722019
2016-12-06,750.85,758.5,750.44,757.36,5279.31102049
2016-12-07,757.18,774.92,746.16,765.01,10694.9544168
2016-12-08,765.02,773.2,762.66,765.01,4751.01944947
2016-12-09,765.01,772.72,765.0,770.5,3651.76507059
2016-12-10,770.5,777.77,769.99,772.9,3364.77600041
2016-12-11,773.01,773.73,761.84,770.21,4144.9434301
2016-12-12,770.21,785.0,770.21,777.99,6758.33976156
2016-12-13,777.99,788.87,762.89,775.0,5581.84400278
2016-12-14,775.0,781.16,771.15,774.49,3680.69569057
2016-12-15,774.5,780.12,774.5,777.43,3184.82202996
2016-12-16,777.78,785.06,775.85,784.17,4774.93017575
2016-12-17,784.17,793.0,782.93,790.99,6201.34973511
2016-12-18,790.99,792.8,784.36,790.21,2432.0011579
2016-12-19,790.18,792.27,787.75,790.59,2153.17342051
2016-12-20,790.59,802.33,787.86,797.99,6992.55928622
2016-12-21,797.99,830.5,794.95,829.99,16216.6405102
2016-12-22,829.34,874.0,825.0,853.48,10857.5574219
